Feature,Importance
hour,0.1512769277899092
T3,0.05833069545477244
RH_3,0.04338121524872995
RH_5,0.03930928560210262
Press_mm_hg,0.03725721800743351
T8,0.03642428534945373
RH_2,0.03481803956138948
RH_1,0.031725708308700064
Tdewpoint,0.03155889381164134
T2,0.029406230982164848
T4,0.029282712727305222
RH_out,0.0291940128143569
RH_8,0.029061640443223125
RH_7,0.029060153091549835
RH_9,0.028878660387182196
RH_4,0.028697953613816024
lights,0.02850847716127393
RH_6,0.0271790207988822
T7,0.027003639151577472
T6,0.026375792682762272
T_out,0.025468560110314207
Windspeed,0.02536458529521124
T1,0.02348190132547555
T5,0.02279706431814911
month,0.02163367682697773
Visibility,0.021359028542490055
rv2,0.019399044542881577
rv1,0.019233772049558225
T9,0.018876561035004086
day,0.01809570944743611
day_of_week,0.00755953351827572
